arch,exp,P0,dP_Mpa,J0,J1,J2,J3,J4,J5,J6,J7,J8,J9,lcut1,lcut2,lcut3,lcut4,lcut5,lcut6,lcut7,lcut8,lcut9,dP0,dP1,dP2,dP3,dP4,dP5,dP6,dP7,dP8,dP9
Exp02-m2-2,29.4,,0.297,0.01171,0.03109,0.05155,0.07407,,,,,,,0.0389,0.0295,0.0189,,,,,,,,,,,,,,,,
Exp03-k1,k,,0.299,0.01264,0.0125,0.01352,0.01375,0.01737,,,,,,0.0655,0.0493,0.0388,0.0273,,,,,,,,,,,,,,,
Exp03-k2,k,,0.299,0.03938,0.05472,0.03662,0.2473,,,,,,,0.0641,0.0565,0.0473,,,,,,,,,,,,,,,,
Exp03-m2,29.4,,0.195,0.01669,0.02807,0.03485,0.03876,0.04201,,,,,,0.0545,0.0407,0.0282,0.0237,,,,,,,,,,,,,,,
exp06-k8r5,k,,0.292,0.0424448013679299,0.0495275548635232,0.0505260516621446,0.0562704817864629,,,,,,,0.095569919,0.074728589,0.057671275,,,,,,,,,,,,,,,,
exp06-k9r1,k,,0.294,0.0905221159079017,0.277048342104229,0.311667883714681,0.546988712440083,,,,,,,0.134866827,0.098555994,0.078547096,,,,,,,,,,,,,,,,
exp06-m22r3,29.4,,0.291,0.0227763413917964,0.030361996725217,0.0355305709487353,0.0384732453743909,,,,,,,0.092357352,0.075183254,0.060708766,,,,,,,,,,,,,,,,
exp07-k12r11,k,,0.295,0.0479667167167167,0.050151851851852,0.0568030753968253,0.0585002805836139,,,,,,,0.109029685,0.0790375,0.052611566,,,,,,,,,,,,,,,,
exp07-m25r4,29.4,,0.299,0.037126606953389,0.0627463195717321,0.118950521525045,0.15712958467304,,,,,,,0.115677816,0.086648144,0.05205902,,,,,,,,,,,,,,,,
p1r2,k,,0.291,0.0405310457516339,0.0455184714489362,0.0547080759819601,,,,,,,,0.118518693,0.05640708,,,,,,,,,,,,,,,,,
Orig-p1r2,k,,0.291,0.0405310457516339,0.0455184714489362,0.0365650248787689,0.0547080759819601,,,,,,,0.118518693,0.08721286,0.05640708,,,,,,,,,,,,,,,,
p5r2,k,,0.294,0.0662307687015067,0.176861538511435,0.208015380395421,0.553882,,,,,,,0.126688788,0.092581356,0.057601256,,,,,,,,,,,,,,,,
p5r3,k,,0.297,0.043554101806948,0.0459183346846725,0.0435948256892633,0.129073126614986,,,,,,,0.098008203,0.071709465,0.035145285,,,,,,,,,,,,,,,,
p20r1,29.4,,0.299,0.0159617324501901,0.0220614334524187,0.0231584184311809,0.0638,,,,,,,0.153115616,0.095378556,0.054918213,,,,,,,,,,,,,,,,
k12r4,k,,0.194,0.0760630341880342,0.321685744810745,0.651063034188034,0.899547507827314,,,,,,,0.114417114,0.088280101,0.057298203,,,,,,,,,,,,,,,,
k12r9,k,,0.195,0.0710741995936667,0.0630386396011395,0.0791126165501164,0.142269439012023,,,,,,,0.115817509,0.088396774,0.058091407,,,,,,,,,,,,,,,,
p19r2,29.4,,0.294,0.0662307687015068,0.176861538511436,0.160588541097412,0.467703703703704,,,,,,,0.0525365234,0.045209086,0.034962652,,,,,,,,,,,,,,,,
